USE `microtope`;

INSERT INTO players (player_id, team_id)
VALUES (100001,1), (100002,1), (200001,2);

INSERT INTO unchecked_steps (player_id,steps, recorded)
VALUES 
(100001,15,"2019-01-01 15:00:00"),
(100001,12,"2019-01-01 15:03:30"),
(100001,14,"2019-01-01 15:03:50"),
(100001,9, "2019-01-01 15:04:50"),
(100001,10,"2019-01-01 15:05:00"),
(100001,25,"2019-01-01 15:15:00"),
(100002,15,"2019-01-02 15:20:00"),
(100002,25,"2019-01-02 15:30:00"),
(200001,15,"2019-01-01 15:00:00"),
(200001,20,"2019-01-01 15:10:00"),
(200001,15,"2019-01-01 15:20:00"),
(200001,25,"2019-01-01 15:30:00");

INSERT INTO unchecked_coins (player_id,value,recorded)
VALUES 
(100001,1,"2019-01-01 15:03:00"),
(100001,1,"2019-01-01 15:03:15"),
(100001,2,"2019-01-01 15:04:20"),
(100001,1,"2019-01-01 15:15:00"),
(100001,2,"2019-01-01 15:20:00"),
(100002,1,"2019-01-02 15:20:00"),
(100002,3,"2019-01-02 15:30:00"),
(200001,1,"2019-01-01 15:00:00"),
(200001,1,"2019-01-01 15:10:00"),
(200001,2,"2019-01-01 15:20:00"),
(200001,1,"2019-01-01 15:30:00");

INSERT INTO audits (player_id, action, recorded,controlled)
VALUES 
-- Good one - controlled
(100001,'login',"2019-01-01 15:03:00",1),
(100001,'logout',"2019-01-01 15:04:00",1),
-- Good one - uncrontrolled yet
(100002,'login',"2019-01-01 15:03:00",0),
(100002,'logout',"2019-01-01 15:07:00",0),
-- Bad ones - uncontrolled yet
(100001,'login',"2019-01-01 16:03:00",0),
(100001,'login',"2019-01-01 16:05:00",0),
(100001,'logout',"2019-01-01 16:07:00",0);